,Open,High,Low,Close,Adj Close,Volume
,19.846666,20.038668,19.691334,22.952000,19.940001,75757500
,19.898666,20.200001,19.572001,23.094000,19.978666,72645000
,20.000000,20.306667,19.766666,22.760000,20.066000,67225500
,20.127333,20.926001,20.073999,22.737333,20.638666,117648000
,20.860001,20.997334,20.460667,23.210667,20.501333,127636500
,18.017332,18.533333,17.370667,23.426666,17.651333,504745500
,20.384666,20.762667,20.070000,23.367332,20.713333,326664000
,20.930000,21.122667,19.943333,22.085333,20.068001,176152500
,20.222000,20.306667,19.438000,22.582001,19.653334,119925000
,19.596666,19.600000,18.511333,22.933332,18.788668,147213000
,18.309999,18.325333,17.333332,23.229334,17.463333,269167500
,17.634666,17.850668,16.600000,23.620667,16.704000,202090500
,17.016666,17.784666,16.886667,23.564667,17.520000,180909000
,17.640667,17.700666,16.518000,23.166000,17.125334,192229500
,17.168667,17.483334,16.601999,22.546000,16.815332,122515500
,17.400000,17.466000,16.800667,21.722000,17.252001,108021000
,17.270666,17.552000,16.969334,23.066668,17.306000,93000000
,17.713333,18.492001,17.482668,22.927999,18.439333,142896000
,18.826668,18.846666,17.719999,23.191334,18.118668,129832500
,17.952667,18.066668,17.533333,22.744667,17.594000,81318000
,17.826000,17.977333,16.900000,23.365334,17.333332,140632500
,17.378668,17.457333,16.839333,23.899332,17.396667,84004500
,17.591333,19.862000,17.473333,23.980000,19.609333,285417000
,20.070000,20.296000,19.048668,24.204000,19.233334,300874500
,21.148001,21.400000,20.067333,23.864668,20.990667,312610500
,20.549999,22.660000,20.443333,24.343332,22.059999,411382500
,22.497999,23.143999,21.766666,24.450666,22.323334,217290000
,21.892668,22.526667,21.483999,24.440001,21.993334,136900500
,22.169333,22.799999,21.940001,25.119333,22.488001,114364500
,22.550667,23.189333,22.315332,24.380667,22.952000,120001500
,22.916000,23.280001,22.727333,23.228001,23.094000,117120000
,22.700001,22.930668,22.009333,22.468666,22.760000,117465000
,22.604668,23.253332,22.406000,22.198000,22.737333,101443500
,22.889334,23.412001,22.719999,21.025333,23.210667,110617500
,23.233334,23.838667,23.229334,21.318001,23.426666,106360500
,23.266666,23.600000,23.015333,19.692667,23.367332,76482000
,23.224667,23.318666,22.022667,21.739332,22.085333,104122500
,22.210667,22.980000,22.146667,21.075333,22.582001,81729000
,22.846666,23.140667,22.476667,22.257999,22.933332,75604500
,22.822001,23.238667,22.602667,22.186666,23.229334,69385500
,23.012667,23.713333,23.007999,20.674667,23.620667,108093000
,23.756001,24.450001,23.525333,20.024000,23.564667,145633500
,22.783333,23.320000,22.236668,21.179333,23.166000,120070500
,23.466667,23.540001,22.493334,22.330667,22.546000,70302000
,22.290001,22.500000,21.703333,22.356667,21.722000,63039000
,21.666668,23.081333,21.666668,22.568666,23.066668,119881500
,22.670000,23.130667,22.366667,22.997999,22.927999,95374500
,23.066000,23.218666,22.813999,23.150667,23.191334,61914000
,23.133333,23.166668,22.636667,22.293333,22.744667,46210500
,22.788668,23.440001,22.550667,22.962000,23.365334,84436500
,24.000000,24.400000,23.466667,23.070000,23.899332,124597500
,23.736668,24.578667,23.466667,23.153999,23.980000,126928500
,23.733999,24.492001,23.384001,20.150667,24.204000,117637500
,24.600000,25.299334,23.843332,19.927999,23.864668,172668000
,24.000000,24.398666,23.541332,19.172667,24.343332,99202500
,24.660667,24.811333,24.015333,19.434000,24.450666,94632000
,24.628000,24.794001,24.344000,19.802668,24.440001,75405000
,24.676666,25.162666,24.450001,19.758667,25.119333,110488500
,25.000000,25.191334,24.288668,19.830667,24.380667,95064000
,24.133333,24.379999,22.925333,20.584667,23.228001,115110000
,23.369333,23.436666,22.246000,20.468000,22.468666,106500000
,22.506666,23.134001,21.982668,20.813999,22.198000,124113000
,21.803333,22.019333,20.791332,20.859333,21.025333,136078500
,21.160000,21.564667,20.829332,21.423332,21.318001,120252000
,20.900000,20.966667,19.680000,21.148001,19.692667,83398500
,20.000000,21.798000,19.606001,20.500668,21.739332,122446500
,21.322666,21.478001,20.100000,20.386667,21.075333,128626500
,21.540001,22.416000,21.227333,20.856001,22.257999,149085000
,22.519333,22.614000,21.684000,20.787333,22.186666,94534500
,20.406668,21.008667,19.920000,20.544666,20.674667,174879000
,20.466667,20.626667,19.825333,20.251333,20.024000,104478000
,20.400000,21.200001,20.181999,20.525333,21.179333,110911500
,21.448000,22.449333,21.183332,20.375999,22.330667,113268000
,22.797333,22.934000,21.801332,20.170668,22.356667,105127500
,22.366667,22.900000,22.098000,19.415333,22.568666,81493500
,22.293333,23.025999,22.119333,19.647333,22.997999,90846000
,22.806000,23.227333,22.584667,19.917999,23.150667,75586500
,22.825333,22.833332,22.266666,19.857332,22.293333,78709500
,22.333332,23.253332,22.299999,20.982668,22.962000,90849000
,22.985332,23.466667,22.900000,21.325333,23.070000,70375500
,23.080667,23.433332,22.943333,19.652666,23.153999,55150500
,21.533333,21.808666,19.982000,19.024000,20.150667,362262000
,20.321333,20.533333,19.700001,18.436001,19.927999,181000500
,19.500000,19.633333,18.779333,18.416000,19.172667,187950000
,18.868668,19.578667,18.618668,18.439333,19.434000,120183000
,19.625999,19.901333,19.303333,18.942667,19.802668,108744000
,19.527332,19.830667,19.183332,19.394667,19.758667,96349500
,19.684668,19.903999,19.453333,18.890667,19.830667,69325500
,20.030001,20.600000,19.899332,19.264000,20.584667,168754500
,20.066668,20.770666,19.600000,19.330667,20.468000,188538000
,20.361334,21.073334,20.233334,18.362000,20.813999,109251000
,20.865334,21.020000,20.125334,17.966000,20.859333,110281500
,20.832666,21.496000,20.816668,17.831333,21.423332,101142000
,21.306000,21.615999,21.041332,18.240000,21.148001,75577500
,20.886667,20.980000,20.200001,18.268000,20.500668,97809000
,20.455334,20.496668,19.900000,17.635332,20.386667,87663000
,20.773333,21.240000,20.700001,17.361334,20.856001,106945500
,21.080000,21.212667,20.641333,17.851334,20.787333,82764000
,20.823334,20.850000,20.371332,18.322001,20.544666,77124000
,20.225332,20.451332,20.066668,18.574667,20.251333,78012000
,20.299999,20.533333,20.260000,18.657333,20.525333,58573500
,20.437332,20.769333,20.364668,19.278667,20.375999,62526000
,20.294001,20.420000,19.933332,19.058666,20.170668,107131500
,20.120667,20.216000,19.366667,19.454000,19.415333,133638000
,19.632668,19.766666,19.473333,17.851999,19.647333,86109000
,19.860666,20.193333,19.799999,18.330667,19.917999,99397500
,19.481333,20.134001,19.251333,18.213333,19.857332,128737500
,20.118668,21.086666,20.036667,18.153999,20.982668,167758500
,21.261333,21.333332,20.720667,18.403999,21.325333,157810500
,20.462667,20.475332,19.459999,17.894667,19.652666,343671000
,19.874666,19.933332,18.851999,17.846666,19.024000,256452000
,18.799999,18.933332,18.006666,17.758667,18.436001,281470500
,18.431999,18.767332,18.292667,18.224001,18.416000,155032500
,18.589333,18.980000,18.283333,18.082001,18.439333,141637500
,18.460667,19.039333,18.392668,18.217333,18.942667,132294000
,18.901333,19.418667,18.700001,17.516666,19.394667,110884500
,19.099333,19.204666,18.737333,17.593332,18.890667,112561500
,18.926666,19.466000,18.846666,17.243999,19.264000,102670500
,19.496668,19.692667,19.219334,16.508667,19.330667,106551000
,18.900667,18.914667,18.293333,15.676000,18.362000,221782500
,18.400000,18.536667,17.820000,16.098000,17.966000,154215000
,17.833332,18.219999,17.563999,15.912667,17.831333,177009000
,17.979334,18.331333,17.753332,15.600667,18.240000,103623000
,18.173332,18.430000,17.896667,16.273333,18.268000,89206500
,18.172001,18.186666,17.600000,17.002001,17.635332,131184000
,17.313999,17.545334,16.964001,17.022667,17.361334,153225000
,17.629333,18.017332,17.628668,16.470667,17.851334,110263500
,17.916668,18.358000,17.878668,16.322666,18.322001,131688000
,18.477333,18.688667,18.340000,16.132000,18.574667,101611500
,18.580000,18.677334,18.299999,15.968000,18.657333,89869500
,18.841333,19.280001,18.752001,15.134000,19.278667,121656000
,19.219999,19.296000,18.925333,15.487333,19.058666,82183500
,19.154667,19.744667,19.144667,15.463333,19.454000,118791000
,17.459333,18.080000,17.372667,15.222000,17.851999,355810500
,17.990667,18.406668,17.740667,14.068667,18.330667,195574500
,18.512667,18.743999,18.029333,13.690667,18.213333,156156000
,18.110001,18.333332,17.974001,13.672000,18.153999,88560000
,18.449333,18.558666,18.192667,12.848667,18.403999,105919500
,17.886667,18.033333,17.706667,13.032667,17.894667,147538500
,18.014668,18.129999,17.788668,12.708667,17.846666,101190000
,17.908667,17.925333,17.242001,12.580000,17.758667,150579000
,17.716667,18.333332,17.648001,12.657333,18.224001,109093500
,18.316668,18.319332,17.902666,12.548000,18.082001,76897500
,18.082001,18.322666,17.983334,12.344000,18.217333,88144500
,17.933332,17.978666,17.498667,11.931333,17.516666,182206500
,17.343332,17.706667,17.049999,12.906667,17.593332,164158500
,17.590000,17.688000,17.200001,13.106000,17.243999,160912500
,17.000000,17.266666,16.404667,13.730000,16.508667,327741000
,16.433332,16.445333,15.408667,13.633333,15.676000,335410500
,15.724000,16.265333,15.478000,14.192000,16.098000,250717500
,16.137333,16.280666,15.800000,14.473333,15.912667,141969000
,15.923333,16.000000,15.433333,13.950667,15.600667,160566000
,16.368000,16.475332,15.848000,14.260667,16.273333,272389500
,16.257334,17.107332,16.232668,14.328000,17.002001,355602000
,16.667999,17.223333,16.566668,15.002000,17.022667,162508500
,17.120001,17.147333,16.340000,14.982667,16.470667,151971000
,16.462667,16.706667,16.280001,15.095333,16.322666,92646000
,16.133333,16.245333,15.796000,14.641333,16.132000,100671000
,15.983333,16.132668,15.734667,14.790667,15.968000,105124500
,15.467333,15.498000,14.966667,14.909333,15.134000,162522000
,15.286667,15.633333,15.200000,14.650667,15.487333,108786000
,15.288000,15.496000,15.016667,14.618000,15.463333,109440000
,15.299333,15.400000,15.100000,14.856000,15.222000,112249500
,14.797333,14.816000,13.928000,14.897333,14.068667,266800500
,13.520000,13.733333,13.016667,15.144667,13.690667,307893000
,13.184000,13.826667,13.069333,14.970000,13.672000,270058500
,13.273333,13.596000,12.785333,15.660000,12.848667,280278000
,12.956000,13.298000,12.414667,15.540000,13.032667,398206500
,13.322000,13.332000,12.583333,15.356000,12.708667,212049000
,12.746667,13.000000,12.523333,15.337333,12.580000,154693500
,12.473333,12.826000,12.336000,15.928000,12.657333,179529000
,12.583333,12.817333,12.468000,15.906667,12.548000,118897500
,12.340000,12.661333,12.273333,16.338667,12.344000,156100500
,12.367333,12.445333,11.799333,16.900000,11.931333,195966000
,12.073333,12.932000,11.974000,16.825333,12.906667,207112500
,13.245333,13.418667,12.790000,16.990667,13.106000,202662000
,13.629333,14.066667,13.453333,16.902666,13.730000,303633000
,13.666667,14.056000,13.566667,17.212000,13.633333,240052500
,14.016667,14.462667,13.934000,17.045334,14.192000,158775000
,14.609333,14.726667,14.233333,17.344667,14.473333,174802500
,14.863333,14.892000,13.933333,17.658667,13.950667,227962500
,14.025333,14.326667,13.834000,15.254667,14.260667,122524500
,14.083333,14.443333,14.026667,15.202667,14.328000,111501000
,14.365333,15.133333,14.284667,15.718000,15.002000,184752000
,15.248000,15.649333,14.837333,16.150667,14.982667,190737000
,15.007333,15.184667,14.737333,16.107332,15.095333,98626500
,14.866667,15.126667,14.423333,15.590000,14.641333,177952500
,14.414667,14.812000,14.366667,15.622667,14.790667,123031500
,14.882667,15.057333,14.734667,15.221333,14.909333,86262000
,14.959333,15.022667,14.632667,15.383333,14.650667,92731500
,14.687333,15.148667,14.540000,15.561333,14.618000,127608000
,14.630000,14.860000,14.490000,15.886667,14.856000,95095500
,14.732667,15.011333,14.720000,15.667333,14.897333,102771000
,15.347333,15.540000,15.085333,15.267333,15.144667,123201000
,15.259333,15.276667,14.814667,15.666667,14.970000,138885000
,15.959333,16.104668,15.634000,14.641333,15.660000,213016500
,15.638000,15.696667,15.386667,14.376000,15.540000,105985500
,15.416000,15.483333,15.244000,14.662667,15.356000,88207500
,15.264667,15.400000,15.152000,15.122000,15.337333,92862000
,15.610000,15.929333,15.542667,15.057333,15.928000,137185500
,15.876000,16.100000,15.720000,14.722000,15.906667,112716000
,15.983333,16.358667,15.980667,14.810000,16.338667,138007500
,16.533333,16.961332,16.323999,14.093333,16.900000,165001500
,16.620001,16.902000,16.528667,14.333333,16.825333,122235000
,17.044666,17.220667,16.889999,14.272000,16.990667,146470500
,17.003332,17.049999,16.792667,14.372667,16.902666,71379000
,17.046000,17.330667,16.974667,14.780667,17.212000,105726000
,17.250000,17.476667,16.945999,15.040667,17.045334,102636000
,17.114000,17.365334,16.966667,15.000667,17.344667,75346500
,17.278000,17.738001,17.210667,14.712000,17.658667,166092000
,15.566667,15.633333,15.036667,15.305333,15.254667,336274500
,15.128000,15.350667,14.816667,15.163333,15.202667,150415500
,15.139333,15.729333,15.068667,15.452667,15.718000,139099500
,15.526667,16.224001,15.478667,15.702667,16.150667,121635000
,16.200001,16.445333,15.776667,16.473333,16.107332,137673000
,16.176666,16.300667,15.451333,16.391333,15.590000,123892500
,15.423333,15.751333,15.282000,16.346666,15.622667,92047500
,15.306667,15.424667,15.052000,16.187332,15.221333,105424500
,15.458667,15.500000,15.050000,16.319332,15.383333,83463000
,15.100000,15.571333,15.053333,16.232668,15.561333,71647500
,15.630000,15.986667,15.510000,16.440001,15.886667,79114500
,15.736667,15.930667,15.587333,16.041332,15.667333,58473000
,15.532667,15.718000,15.250000,16.082001,15.267333,69958500
,15.254000,15.733333,15.170000,14.880667,15.666667,72721500
,15.414000,15.433333,14.446000,15.246667,14.641333,143439000
,14.724000,14.770667,14.103333,16.170668,14.376000,122394000
,14.444000,14.816000,14.401333,16.142000,14.662667,76477500
,14.947333,15.188667,14.780000,16.058001,15.122000,79644000
,15.174667,15.272667,14.969333,16.312668,15.057333,61878000
,14.800667,14.881333,14.506667,16.208668,14.722000,116914500
,14.853333,15.026667,14.548000,15.535333,14.810000,98385000
,14.664667,14.744667,14.066667,15.428667,14.093333,128079000
,14.240000,14.334667,14.102667,15.848000,14.333333,75778500
,14.382667,14.586667,14.135333,16.003332,14.272000,81243000
,14.246000,14.483333,14.154000,16.302000,14.372667,48382500
,14.600000,14.893333,14.533333,16.316000,14.780667,77692500
,15.276667,15.496000,14.947333,16.525999,15.040667,139809000
,14.938667,15.263333,14.877333,17.130667,15.000667,80311500
,15.126000,15.230667,14.614000,17.192667,14.712000,86415000
,14.833333,15.320000,14.723333,17.316668,15.305333,110929500
,15.146667,15.309333,15.011333,17.464666,15.163333,62841000
,15.333333,15.584000,15.282000,17.129999,15.452667,72040500
,15.386667,15.702667,15.262667,16.900000,15.702667,73255500
,15.825333,16.544666,15.733333,17.038668,16.473333,150642000
,16.513332,16.900000,16.293333,16.978666,16.391333,128718000
,16.464001,16.563334,16.324667,19.978666,16.346666,79696500
,16.400000,16.495333,16.077999,21.875334,16.187332,70921500
,16.164667,16.373333,16.024668,21.847334,16.319332,57981000
,16.333332,16.544666,16.158001,21.081333,16.232668,62553000
,16.400000,16.529333,16.322666,21.000668,16.440001,71937000
,16.432667,16.463333,15.877333,20.994667,16.041332,95295000
,16.000000,16.345333,15.948000,20.887333,16.082001,65103000
,16.101334,16.132668,14.840667,21.164667,14.880667,193372500
,14.970667,15.265333,14.557333,21.148001,15.246667,141406500
,15.377333,16.220667,15.160000,21.771999,16.170668,178267500
,16.146667,16.580667,15.915333,22.369333,16.142000,166746000
,16.200001,16.265333,15.740667,22.476000,16.058001,88197000
,16.100000,16.396667,15.942000,23.006001,16.312668,92439000
,16.219334,16.309999,15.962000,23.328667,16.208668,84471000
,15.457333,15.632000,14.952000,23.073999,15.535333,226267500
,15.440667,15.652000,15.204667,23.290001,15.428667,119925000
,15.320000,15.904000,15.236667,23.478001,15.848000,120963000
,15.724667,16.262667,15.633333,23.332666,16.003332,130173000
,16.087999,16.486668,16.043333,23.968000,16.302000,103416000
,16.351999,16.618668,16.105333,23.481333,16.316000,94249500
,16.476667,16.738667,16.454000,23.655333,16.525999,127131000
,16.526667,17.236668,16.475332,22.202667,17.130667,153075000
,17.180000,17.333332,16.941334,22.422667,17.192667,96492000
,17.159332,17.473333,17.128000,21.927999,17.316668,100261500
,17.500000,17.652000,17.344667,22.086000,17.464666,71539500
,17.379999,17.520000,17.006666,21.996000,17.129999,86247000
,17.222000,17.299999,16.678667,22.324667,16.900000,75304500
,16.954666,17.222000,16.723333,22.413334,17.038668,69012000
,16.966667,17.076000,16.756666,22.202000,16.978666,78916500
,19.891333,20.328667,19.280001,22.024668,19.978666,445813500
,19.848000,22.000000,19.740667,22.392668,21.875334,450091500
,21.836000,22.722668,21.506666,22.635332,21.847334,283054500
,21.332666,21.620001,20.983334,23.256001,21.081333,190264500
,20.866667,21.252666,20.664667,23.513332,21.000668,144627000
,20.873333,21.266666,20.866667,23.978666,20.994667,76005000
,21.087999,21.098667,20.653334,23.892668,20.887333,95758500
,20.986668,21.462667,20.617332,25.433332,21.164667,131805000
,21.308001,21.567333,21.074667,25.266001,21.148001,104151000
,21.200001,21.781334,20.966667,26.209999,21.771999,119113500
,21.942667,22.766666,21.868000,26.936001,22.369333,217009500
,22.299999,22.497334,22.166668,27.039333,22.476000,91038000
,22.930000,23.279333,22.799999,27.948000,23.006001,149800500
,23.126667,23.358000,22.936001,28.350000,23.328667,110391000
,23.666668,23.755333,23.011999,28.729334,23.073999,126301500
,23.073999,23.589333,22.860666,28.691999,23.290001,96973500
,23.375999,23.520000,23.224001,27.646667,23.478001,72135000
,23.528000,23.543333,23.073334,27.888666,23.332666,66006000
,23.450001,23.999332,23.186666,28.684000,23.968000,115872000
,24.000000,24.080000,23.304667,29.534000,23.481333,100876500
,23.634001,24.056000,23.600000,30.102667,23.655333,91650000
,22.677334,22.733334,22.000000,31.270666,22.202667,253059000
,22.954666,22.971333,22.297333,32.809334,22.422667,185092500
,22.351334,22.366667,21.806667,32.089333,21.927999,119211000
,22.074667,22.261999,21.904667,31.876667,22.086000,83334000
,22.073999,22.084000,21.833332,34.990665,21.996000,36984000
,21.959999,22.425333,21.912666,35.861332,22.324667,91117500
,22.174667,22.527332,22.146000,34.566666,22.413334,98605500
,22.516666,22.524000,22.190001,34.232666,22.202000,82995000
,22.188667,22.294666,21.816668,34.033333,22.024668,55869000
,22.333332,22.590668,22.318001,36.480000,22.392668,114186000
,22.439333,22.963333,22.338667,37.970669,22.635332,135346500
,22.664000,23.382000,22.620667,38.146667,23.256001,132424500
,23.458668,23.812668,23.406000,37.654667,23.513332,103467000
,23.661333,24.182667,23.548668,37.201332,23.978666,116458500
,24.070000,24.347334,23.642668,37.793331,23.892668,98563500
,24.170000,25.573999,24.166668,38.732666,25.433332,272613000
,25.266001,25.700001,25.059999,42.720669,25.266001,127452000
,25.375334,26.348000,25.372000,43.371334,26.209999,211815000
,26.488001,27.123333,26.433332,52.000000,26.936001,271606500
,27.352667,27.533333,26.679333,59.137333,27.039333,221290500
,27.452000,28.134001,27.333332,48.980000,27.948000,199794000
,27.890667,28.364668,27.512667,49.930668,28.350000,120820500
,28.527332,28.898666,28.423332,49.871334,28.729334,159508500
,29.000000,29.020666,28.407333,51.418667,28.691999,149185500
,28.586000,28.600000,27.284000,51.625332,27.646667,188796000
,27.000000,28.086000,26.805332,51.152668,27.888666,154285500
,28.299999,28.713333,28.114000,53.599998,28.684000,142981500
,29.366667,30.266666,29.128000,53.335335,29.534000,266677500
,29.364668,30.104000,29.333332,57.226665,30.102667,151995000
,30.760000,31.441999,30.224001,61.161331,31.270666,268231500
,31.580000,33.232666,31.215334,59.960667,32.809334,467164500
,33.139999,33.253334,31.524668,60.066666,32.089333,426606000
,32.119331,32.329334,31.580000,55.585999,31.876667,194392500
,32.900002,35.042000,32.799999,53.327332,34.990665,397764000
,36.284000,36.493999,34.993332,51.919998,35.861332,434943000
,35.317333,35.855999,34.452667,45.266666,34.566666,260532000
,32.916668,34.297333,32.811333,44.532665,34.232666,326050500
,33.840668,34.377998,33.543999,49.574669,34.033333,204436500
,35.349998,36.571999,35.227333,49.700668,36.480000,267052500
,38.125999,39.633331,37.273335,49.966667,37.970669,470535000
,37.616669,38.799999,37.040001,48.302666,38.146667,294765000
,38.042000,38.257332,36.950668,46.898666,37.654667,215304000
,36.132668,37.629333,35.952000,40.533333,37.201332,204121500
,37.899334,38.453999,37.205334,43.021999,37.793331,176827500
,38.379333,39.320000,37.828667,42.282001,38.732666,267022500
,42.161331,43.391998,41.200001,37.369999,42.720669,435085500
,42.666668,43.533333,42.167999,36.441334,43.371334,235789500
,44.912666,52.409332,44.901333,29.671333,52.000000,705975000
,58.863998,64.599335,55.591999,28.680000,59.137333,914082000
,54.883999,56.398666,46.940666,24.081333,48.980000,726357000
,46.661331,53.055332,45.799999,28.509333,49.930668,598212000
,48.703335,51.316666,48.666668,28.502001,49.871334,255952500
,53.333332,54.666000,50.160000,28.952667,51.418667,370338000
,51.252666,52.234001,50.533333,33.666668,51.625332,175462500
,51.858002,52.650002,50.891335,35.950001,51.152668,180337500
,49.456001,54.533333,49.000000,35.210667,53.599998,394339500
,52.481335,54.198002,52.366669,34.290668,53.335335,235405500
,56.106667,57.333332,55.490665,33.475334,57.226665,245725500
,61.566666,62.985332,60.068001,34.933334,61.161331,381345000
,60.796665,60.799999,57.329334,32.104000,59.960667,264523500
,60.465332,60.870667,58.696667,30.298000,60.066666,214722000
,55.933334,57.566666,54.813332,32.000668,55.585999,227883000
,56.599998,57.106667,52.466667,34.416000,53.327332,259357500
,52.166668,54.220669,51.740665,36.363335,51.919998,211282500
,48.666668,49.318001,44.599998,36.589333,45.266666,364158000
,41.980000,46.034668,40.768002,38.200001,44.532665,363343500
,47.417332,49.579334,45.778000,43.396667,49.574669,302925000
,53.666668,53.798668,47.740665,47.326000,49.700668,386760000
,50.930668,51.101334,48.315334,48.655334,49.966667,225735000
,48.251331,49.716667,47.871334,49.680668,48.302666,162790500
,46.000000,47.133331,45.618000,50.259335,46.898666,189943500
,40.359333,44.200001,40.333332,49.757332,40.533333,256105500
,43.962002,44.533333,40.533333,45.781334,43.021999,233916000
,42.680000,43.571999,40.866669,48.807335,42.282001,199837500
,38.726002,39.633331,36.416668,47.042000,37.369999,283636500
,39.666668,40.504665,33.466667,48.343334,36.441334,339604500
,31.299999,32.991333,29.478001,53.250000,29.671333,307342500
,29.334000,31.456667,26.400000,51.274666,28.680000,359919000
,25.933332,26.990667,23.367332,53.367332,24.081333,356793000
,24.980000,30.133333,23.897333,52.125332,28.509333,452932500
,29.213333,31.799999,28.386000,46.754665,28.502001,424282500
,28.906668,29.466667,27.366667,50.745998,28.952667,246817500
,31.820000,34.245998,31.600000,51.214001,33.666668,343428000
,36.349998,37.133331,34.074001,52.172001,35.950001,318340500
,36.492668,37.333332,34.150002,52.002666,35.210667,260710500
,33.666668,35.053333,32.935333,54.627998,34.290668,215661000
,34.017334,34.443333,32.748669,54.085999,33.475334,179971500
,33.416668,36.197334,33.133331,53.960667,34.933334,266572500
,33.599998,34.263332,31.673332,52.730667,32.104000,200298000
,32.068668,32.950668,29.760000,53.555332,30.298000,297876000
,33.966667,34.366001,31.226000,53.278000,32.000668,338431500
,34.080002,34.733334,33.197334,54.242001,34.416000,223527000
,36.333332,37.666668,35.489334,53.867332,36.363335,268797000
,36.946667,37.147331,35.555332,54.370667,36.589333,189840000
,37.472668,38.345333,37.140667,55.173332,38.200001,204750000
,39.344002,43.466667,38.702000,54.458668,43.396667,337131000
,46.598000,49.458668,46.161999,54.591331,47.326000,458647500
,49.466667,50.208668,47.333332,54.681999,48.655334,353655000
,47.796001,50.630001,47.114666,53.720669,49.680668,309868500
,51.485332,51.663334,49.844002,55.666668,50.259335,196923000
,48.846668,51.037998,47.480667,59.873333,49.757332,221199000
,48.674667,50.222000,44.919334,58.770668,45.781334,303136500
,46.931999,48.933334,45.914001,58.863998,48.807335,212482500
,48.506668,48.933334,46.875332,57.625332,47.042000,198550500
,47.387333,48.715332,46.545334,59.043999,48.343334,198180000
,49.174000,53.299332,49.000000,63.327999,53.250000,310221000
,53.042667,53.666668,50.445999,62.711334,51.274666,228330000
,52.678001,53.546665,52.210667,68.336670,53.367332,243240000
,57.012669,57.987999,50.900002,64.856003,52.125332,427078500
,50.333332,51.518002,45.535999,62.352001,46.754665,487977000
,46.733334,50.799999,46.533333,66.059998,50.745998,288556500
,52.652668,53.261333,50.812000,65.475334,51.214001,254875500
,51.766666,52.653332,50.740665,66.119331,52.172001,166848000
,51.813999,53.093334,51.490002,66.930664,52.002666,172915500
,52.917999,54.933334,52.467335,66.726669,54.627998,241297500
,52.700668,54.933334,52.333332,66.288002,54.085999,247794000
,55.133331,56.219334,53.866669,66.785332,53.960667,238603500
,54.722000,55.066666,50.886665,64.056664,52.730667,285982500
,52.000000,53.557335,50.933334,65.732002,53.555332,205233000
,52.689999,53.669998,52.436668,63.982666,53.278000,157776000
,55.185333,55.647999,53.591999,67.290001,54.242001,174987000
,54.344666,54.804668,53.738667,71.987335,53.867332,144547500
,54.700001,55.066666,54.119999,74.641998,54.370667,109639500
,54.400002,55.500000,53.066666,80.577332,55.173332,183819000
,54.811333,55.452000,54.133331,91.438667,54.458668,149812500
,55.633331,55.639999,54.380669,92.657333,54.591331,121345500
,54.723999,55.180668,52.333332,91.058670,54.681999,173242500
,54.234001,54.983334,53.445999,92.952003,53.720669,108834000
,53.916668,55.666668,53.613998,102.976669,55.666668,176467500
,57.200001,59.933334,56.939999,99.804001,59.873333,224092500
,59.646667,60.577332,58.066666,101.120003,58.770668,203484000
,59.208000,59.862667,58.673332,103.067329,58.863998,119242500
,59.325333,59.716667,57.229332,100.042664,57.625332,133315500
,58.522667,59.101334,57.746666,100.056000,59.043999,117178500
,61.266666,63.333332,60.610668,109.533333,63.327999,212620500
,62.667332,63.629333,61.595333,104.557335,62.711334,170823000
,66.125336,68.498665,65.500000,106.155334,68.336670,278451000
,66.013336,67.930664,64.800003,100.871330,64.856003,238747500
,65.333336,65.865334,60.840000,94.466667,62.352001,251451000
,61.186001,66.589333,60.566666,102.639999,66.059998,235458000
,67.456665,67.525330,64.159332,98.432671,65.475334,210766500
,65.847336,67.000000,65.504669,99.940666,66.119331,148362000
,66.866669,67.946671,66.297997,99.166000,66.930664,146278500
,67.518669,67.731331,66.089333,95.384003,66.726669,130195500
,66.663330,67.258667,66.001335,99.000000,66.288002,95436000
,66.592003,67.466667,66.267334,99.133331,66.785332,95479500
,66.274002,66.725334,63.542667,99.001335,64.056664,164394000
,63.618000,65.732002,62.476665,99.305336,65.732002,138817500
,66.318665,66.333336,63.658001,96.847336,63.982666,132823500
,64.600670,67.333336,63.234669,94.571335,67.290001,135396000
,67.099998,72.512665,66.915337,91.625999,71.987335,253777500
,72.199997,75.688667,72.033333,103.650665,74.641998,199903500
,81.431999,81.866669,79.040001,108.066666,80.577332,258751500
,85.112663,91.852669,84.402664,110.047333,91.438667,308548500
,93.667336,95.300003,89.113998,122.375999,92.657333,322345500
,93.666664,94.484001,87.422668,125.806000,91.058670,244669500
,93.132668,93.903999,90.085335,125.235336,92.952003,175764000
,93.066666,103.261330,91.734001,133.455338,102.976669,350064000
,110.599998,119.666000,98.073997,136.665329,99.804001,584781000
,103.733330,106.000000,95.400002,134.279999,101.120003,351271500
,102.866669,103.333336,97.133331,134.889328,103.067329,245517000
,98.477333,102.113998,97.733330,143.544662,100.042664,214512000
,100.896667,102.500664,99.333336,149.250000,100.056000,139950000
,101.267334,110.000000,99.199997,147.559998,109.533333,256821000
,109.328667,111.666664,103.866669,166.106674,104.557335,241608000
,106.599998,108.428001,104.133331,158.350006,106.155334,212416500
,111.930000,112.599998,98.718002,149.123337,100.871330,364927500
,94.400665,97.666664,91.102669,135.666672,94.466667,290949000
,95.666664,103.195999,94.199997,139.440002,102.639999,240730500
,100.266670,104.313332,98.294670,110.070000,98.432671,237130500
,100.066666,102.320663,99.133331,122.093330,99.940666,141403500
,99.199997,100.882668,98.066666,123.779999,99.166000,114315000
,101.000000,101.136665,94.732002,124.239998,95.384003,183123000
,96.613335,100.653999,96.292000,139.873337,99.000000,132139500
,99.667336,101.827332,97.466667,149.919998,99.133331,126225000
,99.532669,99.989334,97.887337,147.253326,99.001335,74217000
,99.388664,101.153999,98.484001,141.143326,99.305336,89884500
,99.969330,99.983330,94.334000,147.383331,96.847336,133446000
,96.533333,97.166664,92.389336,149.796661,94.571335,112834500
,93.066666,94.666664,91.000000,141.410004,91.625999,129387000
,98.000000,105.666664,95.666664,126.786667,103.650665,327441000
,107.400002,110.078667,104.484001,129.263336,108.066666,306379500
,110.999336,111.253334,108.442665,135.779999,110.047333,188664000
,111.800003,123.057335,111.522003,140.399994,122.375999,303634500
,126.599335,128.259995,123.007332,139.690002,125.806000,247117500
,124.333336,127.400002,122.747330,143.003326,125.235336,183079500
,124.045334,134.799332,123.804001,149.386673,133.455338,309177000
,136.317337,139.699326,135.003326,138.363327,136.665329,322344000
,141.751999,141.933334,128.501328,141.893326,134.279999,300954000
,131.659332,135.196671,131.199997,137.993332,134.889328,159883500
,137.333328,144.399994,136.908661,141.766663,143.544662,213591000
,145.363998,153.039993,142.833328,141.973328,149.250000,355395000
,153.007996,154.565994,145.768005,144.666672,147.559998,301218000
,148.203339,166.713333,146.703339,147.433334,166.106674,355123200
,167.380005,167.496674,156.836670,148.883331,158.350006,269523300
,159.663330,159.679993,135.039993,153.766663,149.123337,288528300
,135.743332,143.933334,134.000000,149.626663,135.666672,262788300
,134.270004,142.666672,124.006668,146.556671,139.440002,330965700
,118.666664,122.913330,109.959999,143.610001,110.070000,346397100
,118.866669,123.000000,113.836670,140.646667,122.093330,238397400
,128.736664,132.996674,120.186668,140.880005,123.779999,254791800
,127.313332,127.500000,120.166664,141.929993,124.239998,182152500
,126.983330,140.000000,124.433334,140.210007,139.873337,249061800
,145.520004,153.979996,143.566666,140.093338,149.919998,291894600
,146.623337,152.596664,145.103333,141.559998,147.253326,216837900
,138.533340,145.929993,136.000000,135.339996,141.143326,230337600
,149.313339,150.333328,142.933334,136.943329,147.383331,259220400
,151.043335,151.893326,135.690002,129.346664,149.796661,328430400
,143.199997,145.919998,139.199997,133.503326,141.410004,238742400
,135.053329,137.383331,125.293335,141.300003,126.786667,285222600
,121.266670,133.166672,117.099998,140.326660,129.263336,289683300
,131.156662,136.243332,130.433334,146.029999,135.779999,201625500
,141.539993,142.693329,138.516663,143.316666,140.399994,149158800
,138.666672,142.833328,137.199997,140.419998,139.690002,150657900
,140.440002,144.643326,140.156662,136.786667,143.003326,144436800
,146.919998,149.626663,144.806671,139.043335,149.386673,152224500
,140.463333,146.376663,138.333328,137.253326,138.363327,214290000
,141.116669,144.546661,139.776672,136.166672,141.893326,134168400
,141.263336,142.926666,135.350006,136.029999,137.993332,147438900
,139.956665,143.300003,137.949997,147.203339,141.766663,129383100
,146.146667,146.333328,141.766663,162.213333,141.973328,121263300
,143.376663,144.863327,142.153336,166.423340,144.666672,86777100
,147.333328,149.580002,146.193329,163.203339,147.433334,116373300
,147.783340,149.630005,145.533340,173.949997,148.883331,103391100
,149.926666,155.300003,149.116669,185.126663,153.766663,143639100
,150.103333,152.190002,147.500000,191.333328,149.626663,107017200
,151.479996,151.983337,146.283340,195.253326,146.556671,98327700
,148.746674,149.000000,142.956665,189.199997,143.610001,108863400
,143.916672,143.916672,139.683334,194.919998,140.646667,94968900
,140.899994,144.316666,140.416672,189.606674,140.880005,97111500
,147.306671,148.410004,141.503326,197.793335,141.929993,119979600
,140.613327,140.963333,135.793335,199.679993,140.210007,101151000
,137.210007,141.919998,136.666672,213.919998,140.093338,84717600
,141.253326,143.500000,140.033340,216.626663,141.559998,68059500
,138.826660,139.533340,135.333328,201.493332,135.339996,76354200
,136.653336,139.353333,135.486664,209.023331,136.943329,67965900
,135.633331,135.863327,126.370003,203.330002,129.346664,127533900
,131.333328,135.660004,130.766663,213.276672,133.503326,87063300
,136.576660,142.589996,135.563339,211.083328,141.300003,103055100
,143.539993,145.133331,139.033340,207.589996,140.326660,96429300
,142.766663,146.666672,141.333328,218.633331,146.029999,85243500
,145.366669,145.523331,141.426666,231.666672,143.316666,65118000
,146.500000,150.833328,140.333328,216.619995,140.419998,104499000
,140.029999,140.029999,132.009995,213.446671,136.786667,90852600
,138.816666,139.566666,136.860001,215.326660,139.043335,52073100
,138.350006,141.000000,136.506668,220.589996,137.253326,59565300
,136.949997,137.509995,133.886673,221.229996,136.166672,59313300
,136.309998,137.483337,134.696671,221.996674,136.029999,80515800
,153.389999,154.000000,144.336670,231.593338,147.203339,183564900
,149.449997,165.333328,147.833328,235.223328,162.213333,234132000
,164.000000,169.536667,162.523331,243.256668,166.423340,187425900
,165.996674,167.500000,163.020004,245.036667,163.203339,98735700
,167.833328,175.333328,167.263336,251.993332,173.949997,150780900
,180.133331,186.663330,175.399994,272.013336,185.126663,160945500
,183.353333,191.333328,181.789993,293.339996,191.333328,146790600
,193.720001,199.593338,192.816666,270.396667,195.253326,112683300
,200.736664,202.600006,184.836670,283.146667,189.199997,189009300
,199.196671,199.283340,190.683334,284.803345,194.919998,120310500
,185.479996,190.513336,180.403336,281.666656,189.606674,143327100
,196.673340,199.656662,194.143326,275.386658,197.793335,127656000
,197.003326,199.679993,195.166672,281.516663,199.679993,88203900
,201.639999,216.263336,201.016663,283.483337,213.919998,168929100
,208.503326,217.093338,206.166672,281.663330,216.626663,192795000
,217.896667,218.106674,196.000000,282.213318,201.493332,213873600
,191.456665,209.250000,188.779999,293.600006,209.023331,201249600
,205.003326,208.000000,198.933334,294.363342,203.330002,139425000
,206.333328,214.250000,203.399994,288.053345,213.276672,156121800
,214.426666,215.633331,207.933334,278.476654,211.083328,135214500
,209.410004,210.833328,201.666672,264.510010,207.589996,126287400
,209.396667,219.606674,206.500000,279.936676,218.633331,168810300
,222.966660,231.666672,209.513336,290.929993,231.666672,666378600
,222.080002,222.833328,215.356674,284.896667,216.619995,174135900
,216.000000,216.626663,204.743332,283.329987,213.446671,155148000
,210.733337,217.166672,207.523331,284.076660,215.326660,99519000
,214.330002,222.029999,213.666672,287.806671,220.589996,68596800
,224.836670,227.133331,220.266663,283.153320,221.229996,96835800
,220.333328,223.300003,218.333328,268.273346,221.996674,68732400
,224.000000,232.199997,222.786667,270.553345,231.593338,128538000
,233.330002,239.573334,230.373337,272.040009,235.223328,148949700
,239.820007,248.163330,239.063339,265.406677,243.256668,145914600
,241.220001,246.946671,239.733337,266.049988,245.036667,96735600
,252.830002,258.000000,249.699997,262.459991,251.993332,134100000
,259.209991,272.329987,258.399994,260.433319,272.013336,154496700
,285.333344,294.829987,279.463318,238.166672,293.339996,225166500
,283.133331,284.809998,267.873322,232.946671,270.396667,177904800
,277.000000,289.333344,275.779999,247.339996,283.146667,138812100
,284.253326,286.823334,277.333344,227.406662,284.803345,99937500
,281.130005,287.666656,279.583344,225.166672,281.666656,93798900
,284.000000,286.633331,273.033325,239.476669,275.386658,116332800
,279.266663,283.333344,277.666656,228.813339,281.516663,76101000
,286.246674,286.500000,279.093323,217.733337,283.483337,76997700
,285.000000,285.239990,280.473328,207.146667,281.663330,61563300
,278.103333,282.666656,276.206665,199.316666,282.213318,60199500
,285.000000,300.133331,279.606659,187.666672,293.600006,123520200
,297.126678,298.633331,290.533325,224.526672,294.363342,69394800
,290.116669,297.166656,286.220001,222.686661,288.053345,82002000
,273.333344,282.666656,267.000000,233.199997,278.476654,79134000
,276.666656,280.803345,260.033325,231.243332,264.510010,104972400
,271.429993,280.666656,265.186676,235.979996,279.936676,76174200
,281.559998,293.500000,280.733337,225.626663,290.929993,73038600
,292.339996,292.693329,284.353333,233.936661,284.896667,55030500
,285.000000,285.500000,277.806671,217.720001,283.329987,47438100
,281.666656,288.256653,279.656677,218.289993,284.076660,55699800
,289.890015,292.589996,284.916656,223.333328,287.806671,60485100
,285.040009,286.600006,280.583344,220.720001,283.153320,45473100
,281.213318,281.606659,266.673340,210.089996,268.273346,108648300
,270.813324,276.626678,267.243347,213.463333,270.553345,64868400
,267.086670,272.443329,261.776672,206.236664,272.040009,71304900
,272.666656,273.666656,264.146667,203.763336,265.406677,59406900
,259.696655,266.613342,254.003326,211.873337,266.049988,77989500
,260.299988,264.896667,258.756653,222.643326,262.459991,53871300
,265.000000,265.596680,259.123322,220.583328,260.433319,56874900
,254.213333,256.166656,236.733337,230.350006,238.166672,111809100
,220.710007,237.869995,206.333328,230.539993,232.946671,199820700
,237.283340,248.333328,231.389999,223.656662,247.339996,110301000
,242.050003,245.736664,223.526672,227.933334,227.406662,117071700
,233.333328,235.566666,219.836670,225.673340,225.166672,123267600
,230.036667,239.666672,228.350006,233.993332,239.476669,81408600
,239.426666,240.369995,228.333328,254.106674,228.813339,71196600
,229.330002,233.566666,217.236664,244.076660,217.733337,90624000
,218.600006,222.816666,200.000000,246.283340,207.146667,197758500
,208.686661,209.279999,179.830002,246.593338,199.316666,268189500
,200.183334,206.710007,186.263336,238.210007,187.666672,155361000
,202.726669,226.029999,198.403336,239.663330,224.526672,202569900
,233.433334,239.283340,218.353333,248.039993,222.686661,181817100
,233.133331,234.166672,225.726669,239.896667,233.199997,108761700
,223.333328,231.626663,222.046661,243.133331,231.243332,100751400
,231.363327,237.726669,228.013336,246.066666,235.979996,88006800
,234.449997,235.973328,223.666672,234.913330,225.626663,96587100
,218.956665,234.576660,217.003326,231.466660,233.936661,121117500
,228.096664,229.743332,217.333328,225.666672,217.720001,99674400
,215.533340,219.076660,208.206665,236.479996,218.289993,128682000
,228.196671,233.206665,222.916672,228.300003,223.333328,118536600
,225.256668,225.933334,219.169998,224.533340,220.720001,91475700
,222.636673,222.673340,210.036667,223.646667,210.089996,101385600
,204.333328,215.166672,203.166672,221.179993,213.463333,117674700
,213.956665,214.606674,199.963333,224.123337,206.236664,101558400
,205.213333,205.493332,198.673340,209.679993,203.763336,85911000
,200.583328,212.553329,197.003326,205.733337,211.873337,118297200
,215.539993,224.000000,213.703339,196.630005,222.643326,100011900
,229.456665,230.806671,219.806671,190.563339,220.583328,105895200
,235.903336,236.053329,228.233337,196.580002,230.350006,125528400
,230.100006,232.183334,227.123337,192.276672,230.539993,84815400
,229.000000,230.460007,222.613327,192.623337,223.656662,78928200
,225.793335,229.850006,223.883331,187.820007,227.933334,71772900
,225.923340,226.990005,223.143326,195.593338,225.673340,64311300
,228.566666,234.933334,227.363327,193.626663,233.993332,87407100
,237.566666,254.333328,236.886673,202.146667,254.106674,133958400
,256.899994,260.263336,242.676666,201.563339,244.076660,147052200
,247.699997,247.896667,240.436661,206.376663,246.283340,83546700
,242.883331,249.803329,241.533340,210.283340,246.593338,83938500
,239.866669,241.800003,230.600006,208.406662,238.210007,119058600
,239.139999,245.750000,236.896667,207.966660,239.663330,106827000
,234.923340,248.279999,232.666672,201.706665,248.039993,93646500
,247.166672,251.256668,239.346664,190.946671,239.896667,106770900
,239.933334,245.786667,238.486664,199.683334,243.133331,85110000
,247.000000,249.766663,244.203339,201.710007,246.066666,93115500
,239.320007,241.333328,234.449997,201.196671,234.913330,88311000
,232.136673,236.166672,231.199997,199.593338,231.466660,66813000
,233.169998,234.083328,222.833328,203.373337,225.666672,86536200
,222.529999,238.490005,222.046661,203.296661,236.479996,122276100
,234.600006,235.333328,226.833328,205.896667,228.300003,81129300
,226.313339,227.816666,219.233337,199.786667,224.533340,89217900
,227.020004,228.433334,222.446671,201.623337,223.646667,65705700
,226.919998,227.006668,216.666672,205.533340,221.179993,83353800
,221.933334,230.000000,220.073334,207.770004,224.123337,70407600
,221.633331,221.683334,209.203339,206.943329,209.679993,94177200
,199.746674,209.033340,198.533340,207.903336,205.733337,139511700
,200.830002,206.803329,195.589996,218.856674,196.630005,101470800
,200.513336,202.153336,186.550003,226.606674,190.563339,132554700
,194.470001,197.623337,190.153336,223.956665,196.580002,100112700
,191.850006,196.576660,187.066666,229.573334,192.276672,97171200
,189.333328,198.750000,187.793335,226.919998,192.623337,110491800
,184.183334,188.736664,182.326660,226.566666,187.820007,118735200
,191.666672,196.283340,190.356674,225.973328,195.593338,92463300
,198.703339,198.893326,193.333328,226.300003,193.626663,78091800
,193.866669,204.826660,191.216660,219.860001,202.146667,103674300
,202.436661,204.663330,198.570007,214.883331,201.563339,84017700
,202.520004,208.723328,200.500000,217.603333,206.376663,85917900
,206.746674,210.376663,205.403336,218.983337,210.283340,79111800
,209.500000,211.863327,207.460007,228.566666,208.406662,68211000
,209.266663,211.266663,206.850006,222.846664,207.966660,54254700
,206.710007,207.786667,199.713333,217.793335,201.706665,69908400
,200.600006,201.516663,190.406662,216.866669,190.946671,90335700
,193.236664,200.203339,192.399994,214.740005,199.683334,72110700
,197.276672,203.333328,194.293335,215.406662,201.710007,67631100
,207.669998,207.696671,198.500000,220.166672,201.196671,78160200
,200.723328,203.929993,199.210007,218.429993,199.593338,49753800
,201.293335,205.529999,200.166672,216.419998,203.373337,71758800
,203.410004,204.186661,200.506668,214.460007,203.296661,48615900
,204.076660,208.496674,203.059998,219.206665,205.896667,61272000
,205.563339,205.596664,199.410004,214.926666,199.786667,53292300
,199.179993,202.833328,197.833328,215.660004,201.623337,66432300
,200.630005,207.156662,200.446671,225.783340,205.533340,68104200
,204.456665,209.449997,203.933334,229.066666,207.770004,73682700
,208.160004,210.463333,202.960007,236.556671,206.943329,74438100
,206.083328,209.523331,205.166672,236.580002,207.903336,57476700
,210.666672,219.066666,210.013336,236.973328,218.856674,93297600
,224.996674,232.539993,222.536667,238.210007,226.606674,137947200
,229.860001,231.270004,222.899994,233.033340,223.956665,97490100
,223.880005,231.566666,223.440002,237.919998,229.573334,64884600
,228.216660,229.169998,225.296661,236.663330,226.919998,52143900
,226.589996,230.936661,226.046661,235.940002,226.566666,56774700
,227.973328,229.330002,224.266663,240.750000,225.973328,55903500
,226.326660,233.333328,224.419998,239.056671,226.300003,81163500
,227.236664,228.000000,217.133331,228.723328,219.860001,69853500
,221.423340,221.899994,212.773331,221.903336,214.883331,56376000
,209.456665,218.143326,206.820007,229.663330,217.603333,68319900
,217.726669,219.636673,214.896667,224.490005,218.983337,54421500
,220.733337,229.080002,220.720001,226.753326,228.566666,77781000
,228.773331,231.093338,222.100006,235.433334,222.846664,62898300
,223.583328,226.203339,217.613327,236.163330,217.793335,64923600
,219.463333,222.046661,212.626663,237.066666,216.866669,60628800
,218.226669,218.899994,214.066666,233.720001,214.740005,49113000
,209.963333,215.733337,207.096664,237.306671,215.406662,63891300
,217.330002,220.796661,213.500000,243.636673,220.166672,46461300
,219.869995,221.619995,216.763336,245.240005,218.429993,41859900
,218.813339,220.723328,214.866669,244.696671,216.419998,45317100
,215.453339,216.266663,212.433334,244.130005,214.460007,43814700
,216.990005,222.733337,215.703339,244.523331,219.206665,76009800
,221.133331,222.166672,209.080002,250.973328,214.926666,98439900
,215.666672,218.323334,213.133331,251.289993,215.660004,48019800
,216.596664,227.896667,216.266663,251.619995,225.783340,91183800
,223.919998,232.509995,223.000000,245.423340,229.066666,88969200
,233.333328,242.313339,232.800003,247.666672,236.556671,100847400
,239.666672,240.883331,233.669998,248.163330,236.580002,64860900
,237.000000,241.633331,236.309998,251.943329,236.973328,51007800
,238.666672,240.316666,237.136673,252.330002,238.210007,38758800
,237.300003,238.776672,232.543335,253.163330,233.033340,46869000
,236.723328,239.676666,235.043335,243.389999,237.919998,44145900
,237.996674,238.863327,233.960007,246.460007,236.663330,40296900
,237.570007,238.393326,234.736664,250.646667,235.940002,29401800
,235.446671,240.933334,233.133331,251.213333,240.750000,52377300
,241.236664,243.300003,238.113327,258.130005,239.056671,50194500
,235.023331,236.500000,225.466660,263.786682,228.723328,68032200
,224.220001,224.860001,216.279999,259.186676,221.903336,71163900
,223.250000,231.923340,223.116669,260.436676,229.663330,61048200
,226.070007,228.850006,222.529999,258.493347,224.490005,42940500
,227.616669,230.710007,224.566666,258.406677,226.753326,44525700
,228.479996,237.376663,226.916672,260.510010,235.433334,60794700
,236.893326,238.406662,234.213333,260.196655,236.163330,39249300
,235.676666,238.990005,234.666672,260.916656,237.066666,37936800
,236.103333,238.466660,232.539993,264.536682,233.720001,39642900
,235.000000,238.333328,234.033340,261.829987,237.306671,41501400
,238.240005,243.666672,237.576660,263.980011,243.636673,55812600
,244.333328,246.796661,242.146667,268.573334,245.240005,62566200
,244.693329,247.330002,243.756668,270.359985,244.696671,39612900
,244.833328,246.990005,243.513336,272.773346,244.130005,38331900
,244.083328,244.666672,241.399994,281.010010,244.523331,45738300
,246.666672,253.399994,246.419998,290.036682,250.973328,60119400
,253.860001,254.816666,246.923340,288.089996,251.289993,56379000
,251.136673,254.033340,250.543335,288.600006,251.619995,42233100
,253.199997,254.203339,244.839996,298.000000,245.423340,45552600
,246.736664,248.259995,236.283340,303.226654,247.666672,68857500
,247.523331,251.490005,245.466660,341.619995,248.163330,55574700
,248.333328,252.286667,246.119995,339.476654,251.943329,46073100
,250.943329,252.970001,249.203339,345.953339,252.330002,41770200
,252.383331,253.679993,250.000000,359.013336,253.163330,84612600
,244.853333,247.333328,239.539993,371.333344,243.389999,74273100
,244.929993,248.246674,243.479996,402.863342,246.460007,48992100
,247.843338,251.223328,246.373337,390.666656,250.646667,45378900
,251.666672,252.733337,249.306671,404.619995,251.213333,35842500
,248.630005,258.266663,248.186661,409.970001,258.130005,64119000
,257.706665,266.333344,256.436676,407.363342,263.786682,84212100
,262.399994,265.213318,255.393326,387.646667,259.186676,76144200
,259.933319,264.500000,256.893341,341.166656,260.436676,62828700
,260.333344,263.043335,258.333344,355.983337,258.493347,53868000
,259.466675,260.260010,254.529999,354.503326,258.406677,51094200
,265.500000,268.989990,258.706665,344.473328,260.510010,91449900
,261.600006,265.769989,258.066681,337.796661,260.196655,55297800
,258.733337,262.220001,257.739990,351.576660,260.916656,43898400
,261.820007,268.333344,261.126678,363.003326,264.536682,57587400
,265.403320,265.459991,260.303345,365.459991,261.829987,50215800
,262.549988,267.079987,261.833344,379.019989,263.980011,42600900
,266.976654,270.773346,265.523346,385.623322,268.573334,66060000
,270.156677,271.803345,268.593323,369.676666,270.359985,42360300
,271.829987,273.416656,271.116669,372.000000,272.773346,36741600
,274.579987,281.070007,274.116669,360.640015,281.010010,56773800
,283.929993,291.753326,283.823334,378.996674,290.036682,72621600
,292.510010,292.649994,287.503326,381.586670,288.089996,52143300
,288.450012,289.829987,285.793335,365.000000,288.600006,42096300
,285.333344,300.000000,285.166656,361.533325,298.000000,94444500
,298.500000,303.333344,296.986664,338.323334,303.226654,68642400
,316.843323,348.339996,314.733337,336.336670,341.619995,188556300
,341.563324,364.980011,333.813324,350.583344,339.476654,187245000
,346.553345,356.959991,343.593323,356.320007,345.953339,115579500
,356.103333,360.333344,351.399994,334.600006,359.013336,81639600
,360.619995,371.736664,357.736664,339.010010,371.333344,89755200
,381.666656,403.250000,372.886658,322.136658,402.863342,168146100
,386.453339,402.863342,382.000000,319.503326,390.666656,128213400
,392.443329,405.130005,384.206665,325.329987,404.619995,103885500
,411.470001,414.496674,405.666656,308.973328,409.970001,76192200
,409.333344,413.290009,402.666656,310.856659,407.363342,64886400
,383.263336,399.000000,377.666656,299.980011,387.646667,100337100
,391.200012,391.500000,337.173340,312.843323,341.166656,177317400
,336.803345,359.366669,329.103333,336.290009,355.983337,128408100
,367.589996,368.323334,351.559998,355.666656,354.503326,67189800
,349.166656,351.500000,339.733337,364.646667,344.473328,76719300
,339.209991,343.993347,326.200012,362.823334,337.796661,104326800
,334.436676,352.399994,334.059998,362.063324,351.576660,79627200
,354.503326,373.213318,351.833344,356.779999,363.003326,94336200
,368.850006,370.666656,358.339996,352.260010,365.459991,62696700
,366.290009,379.573334,364.233337,399.926666,379.019989,64926900
,387.443329,400.649994,377.476654,383.196655,385.623322,99217500
,389.170013,393.500000,354.233337,362.706665,369.676666,108515100
,360.130005,377.589996,354.000000,354.899994,372.000000,67680600
,366.489990,369.593323,360.333344,342.320007,360.640015,35042700
,366.996674,380.890015,366.730011,352.706665,378.996674,58393500
,381.456665,389.333344,372.666656,354.799988,381.586670,81276000
,386.899994,390.946655,363.586670,368.739990,365.000000,68450400
,366.353333,371.000000,352.216675,343.853333,361.533325,73114800
,361.596680,363.526672,333.403320,349.869995,338.323334,92322000
,333.836670,340.546661,316.833344,343.503326,336.336670,81663000
,348.066681,352.556671,342.269989,331.883331,350.583344,56084700
,350.903320,357.459991,344.333344,332.089996,356.320007,41906400
,353.546661,354.163330,334.119995,314.633331,334.600006,59438400
,336.250000,340.326660,327.510010,310.000000,339.010010,59664300
,333.696655,335.000000,317.140015,306.133331,322.136658,78595500
,315.000000,322.136658,310.000000,312.470001,319.503326,70806300
,317.736664,326.250000,309.416656,276.366669,325.329987,75169200
,331.500000,331.660004,307.283325,282.116669,308.973328,82771500
,304.923340,320.220001,303.013336,312.239990,310.856659,100437300
,303.566681,307.230011,297.796661,310.416656,299.980011,56480100
,305.623322,313.166656,295.373322,301.886658,312.843323,71517900
,321.886658,338.553345,319.016663,297.046661,336.290009,93634200
,335.600006,357.660004,332.519989,307.773346,355.666656,92713200
,357.890015,372.333344,356.906677,302.446655,364.646667,71145900
,369.829987,373.000000,359.473328,307.333344,362.823334,60324000
,366.213318,368.000000,354.713318,310.666656,362.063324,56154000
,353.776672,365.183319,351.049988,301.516663,356.779999,47040900
,357.813324,360.666656,351.529999,286.666656,352.260010,40733700
,382.583344,400.356659,378.679993,291.920013,399.926666,103931400
,396.516663,402.666656,374.350006,307.476654,383.196655,100248300
,382.216675,390.113342,360.336670,307.796661,362.706665,80119800
,359.000000,362.666656,340.166656,292.116669,354.899994,90336600
,360.123322,360.309998,336.666656,285.660004,342.320007,84164700
,333.333344,353.033325,326.666656,273.843323,352.706665,91815000
,351.223328,358.616669,346.273346,254.679993,354.799988,66063300
,359.616669,371.613342,357.529999,266.923340,368.739990,83739000
,369.690002,371.866669,342.179993,269.956665,343.853333,97209900
,339.959991,350.666656,337.793335,290.143341,349.869995,72924300
,342.203339,356.929993,338.686676,288.123322,343.503326,66743400
,347.236664,351.556671,331.666656,293.296661,331.883331,75442500
,336.576660,347.220001,331.333344,279.763336,332.089996,70488600
,332.113342,334.850006,313.500000,279.429993,314.633331,103416000
,301.586670,311.170013,283.823334,268.193329,310.000000,151565700
,304.733337,317.086670,301.070007,274.799988,306.133331,86595900
,317.476654,329.230011,302.000000,286.323334,312.470001,104867400
,311.119995,311.796661,276.333344,279.433319,276.366669,147109500
,277.186676,285.833344,264.003326,265.116669,282.116669,134789100
,290.903320,312.663330,287.350006,255.456665,312.239990,104436000
,311.736664,314.566681,301.666656,267.296661,310.416656,73138200
,309.393341,310.500000,296.470001,280.076660,301.886658,66792900
,294.000000,312.333344,293.506653,290.533325,297.046661,78855600
,299.073334,312.166656,293.723328,301.796661,307.773346,73625400
,307.929993,315.923340,300.903320,307.053345,302.446655,60994500
,301.843323,308.763336,298.266663,331.326660,307.333344,50729100
,311.666656,315.423340,306.666656,333.036682,310.666656,52259400
,302.790009,314.603333,298.899994,337.973328,301.516663,66126900
,303.209991,305.320007,283.566681,336.880005,286.666656,79645800
,287.190002,299.626678,284.383331,363.946655,291.920013,67756500
,300.000000,307.666656,297.793335,366.523346,307.476654,57286200
,304.683319,308.809998,300.403320,364.663330,307.796661,51294300
,304.420013,306.166656,291.366669,359.200012,292.116669,55178400
,295.333344,295.623322,279.203339,361.529999,285.660004,68501700
,278.043335,285.576660,267.033325,381.816681,273.843323,83288100
,276.809998,278.433319,253.520004,363.753326,254.679993,95256900
,233.463333,267.493347,233.333328,348.586670,266.923340,135322200
,269.743347,273.166656,260.799988,352.420013,269.956665,76067700
,271.670013,292.286682,271.570007,341.829987,290.143341,99006900
,289.893341,296.626678,284.593323,325.309998,288.123322,74766900
,290.709991,295.493347,281.423340,328.983337,293.296661,74643300
,292.923340,295.480011,277.533325,340.790009,279.763336,61623600
,283.033325,285.216675,275.053345,328.333344,279.429993,66999600
,285.433319,288.713318,268.190002,334.763336,268.193329,72494100
,265.176666,283.329987,260.723328,342.716675,274.799988,80399100
,279.826660,286.853333,277.336670,325.733337,286.323334,59184000
,283.816681,284.816681,270.119995,336.260010,279.433319,58648500
,280.066681,281.266663,264.589996,335.016663,265.116669,67037100
,260.203339,266.899994,252.013336,332.673340,255.456665,71152200
,258.423340,268.523346,252.190002,292.140015,267.296661,66841200
,269.666656,280.666656,267.420013,293.836670,280.076660,84028800
,276.996674,291.666656,275.239990,292.503326,290.533325,66582900
,291.496674,302.616669,289.130005,290.253326,301.796661,100414200
,304.993347,314.283325,302.363342,300.980011,307.053345,81981600
,310.000000,332.619995,307.250000,303.083344,331.326660,105868500
,326.646667,346.899994,325.466675,317.540009,333.036682,120676200
,336.576660,341.496674,329.600006,291.093323,337.973328,68920800
,336.000000,340.600006,332.440002,288.549988,336.880005,62031600
,355.033325,365.959991,351.200012,262.369995,363.946655,102506100
,369.329987,371.589996,357.703339,266.679993,366.523346,73614900
,363.723328,371.316681,361.333344,244.666672,364.663330,59865000
,364.856659,367.713318,358.880005,242.666672,359.200012,48992700
,360.383331,364.916656,355.546661,256.529999,361.529999,54263100
,363.126678,383.303345,357.510010,241.456665,381.816681,82035900
,378.766663,384.290009,362.433319,253.869995,363.753326,80075100
,357.823334,359.666656,342.566681,236.603333,348.586670,89348400
,350.796661,358.863342,340.513336,236.473328,352.420013,79447200
,347.736664,349.480011,340.813324,221.300003,341.829987,55013700
,326.799988,336.156677,324.880005,224.966660,325.309998,59357100
,332.546661,340.396667,325.533325,209.386673,328.983337,65976000
,327.026672,342.079987,324.366669,219.600006,340.790009,55121100
,333.096680,337.570007,327.396667,235.910004,328.333344,58422300
,329.676666,338.306671,324.470001,253.210007,334.763336,51715200
,335.019989,344.980011,331.776672,252.753326,342.716675,49847700
,343.333344,344.666656,325.083344,246.789993,325.733337,70711200
,358.243347,364.073334,332.140015,258.333344,336.260010,105416400
,338.303345,344.950012,331.333344,234.516663,335.016663,69696600
,326.323334,336.206665,325.100006,238.279999,332.673340,68341200
,331.809998,333.333344,291.666656,238.886673,292.140015,136133700
,299.526672,306.000000,292.453339,241.866669,293.836670,76956300
,299.993347,300.000000,273.899994,239.706665,292.503326,124948500
,300.750000,311.466675,290.000000,232.229996,290.253326,88133100
,286.923340,302.119995,282.676666,215.736664,300.980011,75781500
,301.059998,308.026672,296.196655,220.889999,303.083344,63709500
,301.313324,318.500000,295.093323,233.000000,317.540009,81643800
,313.006653,315.200012,285.899994,213.100006,291.093323,92519100
,295.666656,296.000000,281.036682,216.759995,288.549988,72903000
,278.816681,281.876678,260.383331,237.036667,262.369995,90810300
,273.103333,275.119995,258.083344,236.086670,266.679993,84401700
,265.000000,269.923340,242.399994,235.070007,244.666672,97224600
,233.666672,253.220001,226.666672,245.706665,242.666672,140313000
,257.826660,262.450012,250.523331,244.919998,256.529999,92150700
,255.720001,256.586670,239.696671,232.663330,241.456665,86098500
,249.119995,254.826660,242.949997,228.490005,253.869995,80236200
,248.173340,253.500000,233.603333,224.473328,236.603333,87811800
,235.666672,244.666672,231.369995,227.263336,236.473328,90296700
,237.996674,240.526672,211.000000,233.066666,221.300003,144973200
,218.339996,226.653336,212.686661,231.733337,224.966660,88903500
,217.843338,217.973328,206.856674,244.543335,209.386673,89092500
,207.949997,223.106674,207.669998,250.763336,219.600006,92139300
,220.473328,239.556671,217.886673,234.343338,235.910004,106003200
,241.083328,253.266663,240.176666,233.070007,253.210007,89295000
,257.946655,259.600006,244.743332,237.039993,252.753326,101914500
,251.720001,257.326660,243.639999,238.313339,246.789993,77247900
,244.156662,264.209991,242.066666,240.066666,258.333344,93473100
,243.226669,247.796661,233.416672,240.546661,234.516663,112393800
,244.353333,244.866669,234.350006,245.529999,238.279999,84204600
,234.000000,239.996674,230.093338,247.500000,238.886673,72808500
,240.086670,249.963333,239.176666,271.706665,241.866669,76210500
,249.339996,255.546661,239.326660,272.243347,239.706665,96491400
,235.156662,239.500000,227.913330,268.433319,232.229996,97536600
,223.166672,226.633331,214.683334,258.859985,215.736664,102767400
,218.286667,226.330002,211.736664,274.820007,220.889999,97988700
,220.916672,235.663330,218.149994,280.899994,233.000000,119131800
,222.736664,225.166672,208.693329,297.149994,213.100006,107390700
,213.433334,220.970001,213.196671,297.276672,216.759995,92641800
,224.603333,243.576660,224.333328,300.586670,237.036667,122793000
,234.503326,246.833328,233.826660,307.396667,236.086670,101107500
,237.906662,239.316666,228.636673,308.633331,235.070007,104202600
,237.470001,246.066666,236.086670,288.170013,245.706665,95770800
,249.366669,252.070007,242.566666,290.423340,244.919998,89178300
,244.483337,249.970001,232.343338,283.333344,232.663330,90391200
,230.500000,231.173340,222.273331,294.356659,228.490005,82897200
,224.509995,229.456665,218.863327,286.630005,224.473328,94600500
,227.000000,230.229996,222.119995,300.029999,227.263336,74460300
,223.000000,233.146667,216.166672,309.320007,233.066666,84581100
,230.779999,234.563339,227.186661,306.563324,231.733337,71853600
,233.919998,245.363327,232.210007,303.996674,244.543335,81930600
,242.333328,254.979996,241.160004,302.869995,250.763336,101854200
,252.103333,253.063339,233.626663,296.666656,234.343338,99241200
,236.846664,239.773331,228.369995,289.913330,233.070007,87930900
,225.500000,242.059998,225.033340,296.453339,237.039993,97954500
,234.896667,238.653336,229.333328,297.096680,238.313339,78557400
,240.000000,243.623337,236.889999,296.070007,240.066666,69683100
,244.936661,250.516663,239.603333,288.089996,240.546661,82537500
,245.000000,247.139999,236.976669,284.820007,245.529999,80890200
,246.783340,250.663330,243.483337,277.700012,247.500000,88864200
,255.106674,273.266663,254.866669,275.609985,271.706665,142032300
,276.220001,280.786682,270.713318,277.160004,272.243347,103472700
,272.216675,274.146667,267.399994,270.209991,268.433319,64073400
,266.513336,267.309998,256.263336,274.420013,258.859985,66820800
,263.809998,275.926666,261.790009,283.700012,274.820007,88110000
,280.066681,283.299988,272.799988,289.260010,280.899994,84723000
,280.700012,298.320007,279.100006,299.679993,297.149994,95313000
,301.276672,311.876678,295.000000,304.420013,297.276672,117042900
,294.003326,307.833344,292.666656,292.130005,300.586670,95577600
,305.000000,309.549988,301.149994,302.609985,307.396667,80091000
,311.000000,313.606659,305.000000,303.750000,308.633331,72256200
,302.670013,304.606659,285.543335,303.350006,288.170013,113172900
,295.000000,305.200012,289.086670,309.070007,290.423340,98994000
,290.293335,292.396667,279.353333,308.730011,283.333344,86244600
,297.066681,297.510010,283.369995,300.799988,294.356659,94918800
,296.513336,298.236664,285.833344,288.589996,286.630005,70155000
,289.416656,300.160004,285.033325,275.329987,300.029999,79657200
,301.786682,313.133331,301.230011,276.010010,309.320007,89359200
,311.666656,314.666656,302.883331,282.940002,306.563324,88136400
,303.396667,309.656677,300.033325,287.809998,303.996674,68766000
,306.000000,306.500000,301.853333,268.209991,302.869995,47500500
,299.000000,300.359985,292.500000,265.250000,296.666656,61395300
,291.913330,292.399994,286.296661,242.399994,289.913330,55843200
,291.453339,298.826660,287.923340,249.440002,296.453339,63984900
,297.563324,303.646667,296.500000,240.809998,297.096680,57259800
,302.359985,302.959991,291.600006,238.130005,296.070007,53230000
,297.429993,302.000000,287.470001,223.070007,288.089996,57163900
,282.829987,287.739990,280.700012,222.960007,284.820007,41864700
,287.869995,288.480011,272.649994,216.500000,277.700012,50541800
,280.619995,281.250000,271.809998,217.240005,275.609985,52107300
,272.579987,277.579987,266.149994,221.720001,277.160004,54287000
,281.070007,282.350006,269.079987,204.990005,270.209991,50890100
,272.679993,275.989990,265.739990,219.350006,274.420013,55860000
,273.100006,283.839996,272.269989,220.190002,283.700012,50028900
,281.299988,289.500000,279.760010,222.039993,289.260010,53713100
,291.670013,299.850006,291.250000,207.279999,299.679993,54338100
,300.720001,305.489990,300.399994,214.440002,304.420013,48674600
,292.899994,297.399994,290.399994,211.250000,292.130005,68229600
,292.239990,306.000000,291.640015,222.419998,302.609985,72628700
,301.829987,309.119995,300.720001,224.639999,303.750000,64795500
,299.609985,303.709991,295.600006,225.089996,303.350006,87087800
,300.089996,309.839996,297.799988,228.520004,309.070007,60231200
,306.910004,313.329987,305.579987,227.539993,308.730011,61642800
,308.290009,313.799988,300.630005,227.820007,300.799988,62555700
,299.859985,301.290009,285.820007,214.979996,288.589996,70545400
,283.089996,284.500000,272.820007,215.309998,275.329987,63748400
,271.829987,284.089996,270.309998,207.470001,276.010010,58076900
,283.839996,288.670013,277.510010,197.080002,282.940002,61925200
,283.079987,289.000000,277.570007,191.300003,287.809998,54664800
,282.760010,283.649994,265.779999,177.589996,268.209991,77620600
,266.149994,275.570007,262.470001,190.720001,265.250000,67726600
,254.500000,255.160004,241.009995,195.970001,242.399994,98363500
,250.520004,257.500000,242.009995,190.949997,249.440002,109578500
,245.009995,246.669998,233.270004,194.419998,240.809998,86982700
,239.440002,244.580002,235.350006,186.919998,238.130005,69298400
,233.940002,234.570007,222.020004,183.169998,223.070007,83916800
,223.929993,226.990005,218.360001,180.190002,222.960007,67925000
,220.949997,225.750000,215.000000,167.869995,216.500000,77013200
,215.330002,219.300003,211.509995,169.910004,217.240005,66860700
,208.300003,222.990005,206.220001,183.199997,221.720001,91483000
,224.009995,226.259995,204.160004,182.860001,204.990005,94124500
,210.039993,221.860001,209.449997,182.919998,219.350006,79428800
,229.500000,229.820007,217.250000,180.830002,220.190002,75891900
,219.800003,222.929993,217.779999,194.699997,222.039993,66571500
,208.279999,215.550003,202.000000,194.699997,207.279999,117798100
,206.419998,214.660004,203.800003,194.860001,214.440002,75713800
,205.820007,213.500000,198.589996,182.449997,211.250000,100446800
,210.100006,224.350006,210.000000,179.820007,222.419998,96507900
,219.399994,230.600006,218.199997,174.039993,224.639999,85012500
,229.770004,233.809998,222.850006,173.440002,225.089996,61638800
,225.399994,228.860001,216.350006,179.050003,228.520004,69152400
,226.190002,229.850006,221.940002,167.820007,227.539993,61554300
,234.050003,237.399994,227.279999,160.949997,227.820007,62688800
,226.039993,227.869995,214.820007,156.800003,214.979996,63070300
,211.360001,221.199997,210.139999,157.669998,215.309998,56538800
,222.600006,223.800003,203.080002,150.229996,207.470001,98622200
,208.649994,208.899994,196.660004,149.869995,197.080002,93916500
,194.020004,195.199997,186.750000,137.800003,191.300003,128803400
,190.779999,195.889999,177.119995,137.570007,177.589996,127062700
,189.899994,191.000000,180.029999,125.349998,190.720001,132703000
,186.000000,196.520004,182.589996,123.150002,195.970001,114403600
,192.770004,195.729996,186.339996,109.099998,190.949997,92226600
,195.880005,200.820007,192.059998,112.709999,194.419998,91293800
,191.509995,192.570007,185.660004,121.820000,186.919998,66567600
,183.960007,186.160004,180.899994,123.180000,183.169998,64336000
,185.050003,185.190002,176.550003,108.099998,180.190002,76048900
,175.850006,176.770004,167.539993,113.639999,167.869995,92882700
,168.630005,170.919998,166.190002,110.339996,169.910004,78452300
,173.570007,183.619995,172.500000,113.059998,183.199997,109536700
,185.059998,185.199997,180.630005,119.769997,182.860001,50672700
,179.960007,188.500000,179.000000,118.849998,182.919998,92905200
,184.990005,186.380005,178.750000,123.220001,180.830002,83357100
,182.429993,194.759995,180.630005,123.559998,194.699997,109186400
,197.080002,198.919998,191.800003,122.400002,194.699997,80046200
,191.779999,196.250000,191.110001,131.490005,194.860001,73645900
,189.440002,191.270004,180.550003,128.779999,182.449997,93122700
,181.220001,183.649994,175.330002,127.169998,179.820007,92150800
,175.029999,179.380005,172.220001,133.419998,174.039993,84213300
,172.199997,175.199997,169.059998,143.750000,173.440002,97624500
,173.839996,182.500000,173.360001,143.889999,179.050003,104872300
,176.100006,177.369995,167.520004,144.429993,167.820007,109794500
,174.869995,175.050003,156.910004,160.270004,160.949997,175862700
,159.250000,161.619995,155.309998,177.899994,156.800003,140682300
,153.440002,160.929993,153.279999,166.660004,157.669998,122334500
,159.639999,160.990005,150.039993,173.220001,150.229996,139032200
,154.000000,155.250000,145.820007,181.410004,149.869995,139390600
,146.050003,148.470001,137.660004,188.270004,137.800003,159563300
,139.339996,141.259995,135.889999,189.979996,137.570007,145417400
,136.000000,136.630005,122.260002,194.759995,125.349998,210090300
,126.370003,128.619995,121.019997,196.809998,123.150002,166989700
,117.500000,119.669998,108.760002,201.289993,109.099998,208643400
,110.349998,116.269997,108.239998,207.320007,112.709999,221070500
,120.389999,123.570000,117.500000,196.889999,121.820000,221923300
,119.949997,124.480003,119.750000,194.639999,123.180000,157777300
,118.470001,118.800003,104.639999,209.250000,108.099998,231402800
,109.110001,114.589996,107.519997,214.240005,113.639999,180389000
,110.510002,111.750000,107.160004,202.039993,110.339996,157986300
,103.000000,114.389999,101.809998,208.309998,113.059998,220911100
,118.959999,123.519997,117.110001,197.369995,119.769997,190284000
,121.070000,122.760002,114.919998,200.860001,118.849998,167642500
,122.089996,125.949997,120.510002,202.070007,123.220001,183810800
,122.559998,124.129997,117.000000,196.880005,123.559998,169400900
,116.550003,122.629997,115.599998,207.630005,122.400002,180714100
,125.699997,131.699997,125.019997,205.710007,131.490005,186477000
,136.559998,136.679993,127.010002,202.770004,128.779999,195680300
,127.260002,129.990005,124.309998,190.899994,127.169998,170291900
,128.679993,133.509995,127.349998,197.789993,133.419998,138858100
,135.869995,145.380005,134.270004,193.809998,143.750000,203119200
,143.000000,146.500000,141.100006,187.710007,143.889999,158699100
,141.910004,146.410004,138.070007,182.000000,144.429993,192734300
,159.970001,161.419998,154.759995,172.919998,160.270004,234815100
,162.429993,180.679993,161.169998,173.440002,177.899994,306590600
,178.050003,179.770004,166.500000,174.479996,166.660004,230878800
,164.570007,174.300003,162.779999,183.259995,173.220001,196813500
,173.889999,183.809998,169.929993,180.449997,181.410004,213806300
,187.330002,196.750000,182.610001,184.130005,188.270004,217448300
,183.949997,199.000000,183.690002,180.130005,189.979996,232662000
,193.009995,198.169998,189.919998,183.250000,194.759995,186188100
,196.429993,197.500000,189.550003,197.580002,196.809998,186010300
,196.100006,203.000000,194.309998,191.149994,201.289993,180673600
,207.779999,214.000000,204.770004,192.220001,207.320007,215431400
,202.229996,206.199997,192.889999,190.410004,196.889999,204754100
,194.419998,196.300003,187.610001,191.809998,194.639999,172475500
,191.940002,209.820007,189.440002,189.190002,209.250000,216455700
,211.759995,214.660004,206.110001,193.880005,214.240005,181006400
,210.779999,217.649994,201.839996,195.279999,202.039993,229586500
,199.990005,208.440002,197.500000,207.460007,208.309998,213738500
,204.990005,209.710007,197.220001,194.770004,197.369995,180018600
,197.929993,201.990005,191.779999,192.580002,200.860001,191828500
,203.910004,205.139999,196.330002,185.520004,202.070007,146360000
,196.330002,197.669998,192.800003,185.059998,196.880005,142228100
,202.029999,209.419998,201.259995,184.509995,207.630005,161028300
,210.589996,211.229996,203.750000,186.789993,205.710007,153144900
,206.210007,207.199997,198.520004,180.539993,202.770004,156852800
,186.740005,193.750000,186.009995,185.899994,190.899994,181500700
,194.800003,200.479996,192.880005,185.000000,197.789993,154193300
,198.539993,198.600006,192.300003,187.039993,193.809998,128100100
,191.380005,194.199997,186.100006,184.309998,187.710007,148125800
,185.039993,186.500000,180.000000,180.589996,182.000000,151897800
,180.250000,185.179993,172.509995,162.990005,172.919998,170023800
,175.130005,178.289993,168.440002,165.080002,173.440002,191488900
,167.460007,177.350006,163.910004,162.550003,174.479996,167790300
,177.309998,183.800003,177.139999,160.669998,183.259995,143717900
,180.800003,182.339996,176.029999,153.750000,180.449997,145995600
,180.369995,185.809998,178.839996,160.190002,184.130005,121136800
,184.520004,186.220001,177.330002,164.309998,180.130005,133197100
,178.080002,186.440002,176.350006,161.830002,183.250000,129684400
,188.279999,198.000000,188.039993,160.309998,197.580002,153391400
,199.300003,200.660004,190.949997,160.610001,191.149994,150376400
,195.259995,199.309998,188.649994,161.199997,192.220001,144193900
,191.649994,192.360001,187.149994,170.059998,190.410004,116312400
,194.419998,197.389999,189.940002,171.789993,191.809998,120851600
,192.000000,192.350006,185.429993,169.149994,189.190002,98654600
,193.130005,195.289993,189.440002,168.539993,193.880005,123660000
,195.580002,197.330002,194.419998,172.080002,195.279999,110252200
,197.529999,207.789993,197.199997,167.979996,207.460007,170222100
,199.910004,202.690002,192.199997,166.350006,194.770004,169545900
,197.320007,198.740005,190.320007,166.520004,192.580002,126463800
,190.520004,190.679993,183.759995,173.860001,185.520004,133882500
,183.080002,186.389999,179.740005,176.889999,185.059998,123857900
,179.940002,185.100006,176.110001,180.139999,184.509995,142154600
,186.690002,189.190002,185.649994,188.869995,186.789993,115770900
,190.740005,191.580002,180.309998,185.770004,180.539993,150256300
,182.960007,186.500000,180.940002,182.899994,185.899994,112933000
,183.949997,186.279999,182.009995,184.470001,185.000000,96438700
,186.320007,189.690002,182.690002,193.169998,187.039993,116662200
,187.149994,187.690002,183.580002,201.160004,184.309998,92067000
,179.100006,183.500000,177.649994,203.929993,180.589996,125732700
,166.169998,169.699997,160.559998,207.520004,162.990005,210970800
,164.800003,166.000000,161.320007,213.970001,165.080002,123539000
,164.649994,165.649994,158.610001,217.610001,162.550003,140006600
,159.820007,163.470001,158.750000,221.309998,160.669998,121999300
,160.289993,160.669998,153.139999,224.570007,153.750000,153364100
,152.639999,160.479996,152.369995,234.860001,160.190002,127015200
,160.899994,165.000000,157.320007,244.399994,164.309998,122515800
,163.169998,163.279999,158.830002,249.830002,161.830002,109015000
,161.880005,165.490005,158.929993,258.709991,160.309998,128259700
,160.009995,165.000000,159.910004,256.790009,160.610001,119728000
,162.710007,162.949997,159.649994,255.899994,161.199997,95108500
,163.970001,170.789993,163.509995,260.540009,170.059998,107440900
,173.720001,173.800003,169.190002,274.450012,171.789993,112249400
,168.949997,169.820007,166.559998,259.459991,169.149994,88965000
,172.550003,174.429993,166.679993,264.609985,168.539993,119840700
,168.699997,173.570007,166.789993,256.600006,172.080002,103889900
,176.070007,177.380005,167.229996,241.050003,167.979996,157577100
,167.660004,169.759995,164.550003,250.210007,166.350006,105592500
,165.649994,169.520004,164.350006,256.239990,166.520004,98288800
,168.410004,174.500000,167.190002,257.500000,173.860001,125473600
,174.220001,177.059998,172.449997,261.769989,176.889999,109520300
,177.169998,181.949997,176.309998,279.820007,180.139999,136024200
,180.699997,189.320007,180.110001,282.480011,188.869995,132001400
,186.199997,192.960007,185.259995,276.540009,185.770004,156952100
,182.229996,184.220001,178.220001,274.429993,182.899994,137605100
,186.539993,186.779999,180.580002,269.609985,184.470001,96870700
,184.619995,198.600006,184.529999,269.790009,193.169998,162061500
,200.100006,204.479996,197.529999,271.989990,201.160004,128818700
,199.779999,203.949997,195.119995,277.899994,203.929993,150711700
,202.589996,209.800003,199.369995,281.380005,207.520004,148029900
,210.149994,217.250000,209.750000,290.380005,213.970001,164129000
,217.800003,221.289993,214.520004,293.339996,217.610001,151143100
,216.139999,221.910004,212.529999,291.260010,221.309998,146911600
,228.000000,230.830002,223.199997,262.899994,224.570007,185710800
,224.220001,235.229996,223.009995,260.019989,234.860001,164489700
,249.070007,252.419998,242.020004,269.059998,244.399994,199882300
,247.940002,250.970001,244.589996,265.279999,249.830002,150337900
,253.509995,259.679993,251.339996,264.350006,258.709991,162384300
,260.170013,261.570007,250.500000,255.710007,256.790009,170575500
,248.399994,258.950012,247.289993,266.440002,255.899994,160171200
,258.920013,263.600006,257.209991,267.429993,260.540009,167563700
,261.500000,274.750000,261.119995,261.070007,274.450012,165611200
,275.130005,276.989990,257.779999,254.110001,259.459991,211797100
,250.770004,265.000000,248.250000,259.320007,264.609985,166875900
,259.290009,262.450012,252.800003,253.860001,256.600006,176584100
,250.070007,258.369995,240.699997,251.449997,241.050003,179990600
,243.240005,250.389999,240.850006,249.699997,250.210007,164968200
,249.699997,259.880005,248.889999,242.190002,256.239990,159770800
,258.029999,260.739990,253.610001,245.339996,257.500000,131283400
,260.600006,264.450012,259.890015,242.649994,261.769989,112267600
,276.489990,284.250000,275.109985,239.759995,279.820007,119685900
,278.820007,283.850006,277.600006,232.960007,282.480011,131530900
,278.089996,279.970001,272.880005,225.600006,276.540009,120332100
,278.429993,280.779999,273.769989,219.220001,274.429993,113602000
,276.470001,277.519989,265.100006,215.490005,269.609985,119425400
,268.649994,270.899994,266.369995,231.279999,269.790009,91972400
,276.329987,276.519989,271.459991,233.190002,271.989990,95672100
,274.589996,279.450012,270.600006,236.860001,277.899994,112681500
,277.010010,285.299988,276.309998,230.039993,281.380005,119771100
,286.630005,292.230011,283.570007,238.589996,290.380005,131569600
,290.149994,295.260010,286.010010,238.820007,293.339996,112434700
,296.040009,299.290009,289.519989,257.179993,291.260010,142355400
,279.559998,280.929993,261.200012,256.899994,262.899994,175158300
,268.000000,268.000000,255.800003,258.079987,260.019989,161050100
,255.850006,269.850006,254.119995,245.009995,269.059998,136508500
,272.380005,272.899994,265.000000,256.489990,265.279999,112757300
,263.250000,268.040009,261.750000,251.919998,264.350006,95856200
,268.309998,269.130005,255.300003,251.490005,255.710007,103697300
,259.859985,267.250000,258.230011,248.500000,266.440002,111446000
,267.480011,269.079987,263.779999,273.579987,267.429993,84582200
,266.260010,266.470001,260.250000,267.480011,261.070007,83166000
,255.570007,259.519989,250.490005,271.299988,254.110001,101752900
,252.039993,260.489990,252.000000,276.040009,259.320007,97569100
,260.970001,264.769989,253.110001,274.390015,253.860001,99242600
,251.449997,253.649994,242.759995,265.279999,251.449997,111097900
,247.449997,250.919998,245.009995,266.500000,249.699997,96642200
,250.869995,251.100006,241.899994,262.589996,242.190002,101596300
